<?xml version="1.0" encoding="UTF-8"?>
<metadata xmlns="http://linux.duke.edu/metadata/common" xmlns:rpm="http://linux.duke.edu/metadata/rpm" packages="3">
<package type="rpm">
  <name>google-chrome-beta</name>
  <arch>x86_64</arch>
  <version epoch="0" ver="72.0.3626.28" rel="1"/>
  <checksum type="sha256" pkgid="YES">3d61c6beefff66ada050b623277a0c1132e32f3e28a0819d4161b0912ab88948</checksum>
  <summary>Google Chrome (beta)</summary>
  <description>The web browser from Google

Google Chrome is a browser that combines a minimal design with sophisticated technology to make the web faster, safer, and easier.</description>
  <packager>Chrome Linux Team &lt;chromium-dev@chromium.org&gt;</packager>
  <url>https://chrome.google.com/</url>
  <time file="1545245514" build="1545197759"/>
  <size package="58507132" installed="209247418" archive="209263336"/>
<location href="google-chrome-beta-72.0.3626.28-1.x86_64.rpm"/>
  <format>
    <rpm:license>Multiple, see https://chrome.google.com/</rpm:license>
    <rpm:vendor>Google Inc.</rpm:vendor>
    <rpm:group>Applications/Internet</rpm:group>
    <rpm:buildhost>lin64-5-m0.official.chromium.org</rpm:buildhost>
    <rpm:sourcerpm>google-chrome-beta-72.0.3626.28-1.src.rpm</rpm:sourcerpm>
    <rpm:header-range start="456" end="55708"/>
    <rpm:provides>
      <rpm:entry name="google-chrome" flags="EQ" epoch="0" ver="72.0.3626.28"/>
      <rpm:entry name="google-chrome-beta" flags="EQ" epoch="0" ver="72.0.3626.28" rel="1"/>
      <rpm:entry name="google-chrome-beta(x86-64)" flags="EQ" epoch="0" ver="72.0.3626.28" rel="1"/>
    </rpm:provides>
    <rpm:requires>
      <rpm:entry name="libatk-bridge-2.0.so.0()(64bit)"/>
      <rpm:entry name="xdg-utils"/>
      <rpm:entry name="libXrandr.so.2()(64bit)"/>
      <rpm:entry name="libcups.so.2()(64bit)"/>
      <rpm:entry name="libnssutil3.so()(64bit)"/>
      <rpm:entry name="libXrender.so.1()(64bit)"/>
      <rpm:entry name="libXcursor.so.1()(64bit)"/>
      <rpm:entry name="libssl3.so(NSS_3.28)(64bit)"/>
      <rpm:entry name="libnspr4.so()(64bit)"/>
      <rpm:entry name="liberation-fonts"/>
      <rpm:entry name="libgobject-2.0.so.0()(64bit)"/>
      <rpm:entry name="libuuid.so.1()(64bit)"/>
      <rpm:entry name="libexpat.so.1()(64bit)"/>
      <rpm:entry name="libxcb.so.1()(64bit)"/>
      <rpm:entry name="libXext.so.6()(64bit)"/>
      <rpm:entry name="libm.so.6()(64bit)"/>
      <rpm:entry name="libpthread.so.0(GLIBC_2.2.5)(64bit)"/>
      <rpm:entry name="libdl.so.2()(64bit)"/>
      <rpm:entry name="ld-linux-x86-64.so.2(GLIBC_2.2.5)(64bit)"/>
      <rpm:entry name="libXss.so.1()(64bit)"/>
      <rpm:entry name="libdbus-1.so.3()(64bit)"/>
      <rpm:entry name="libpango-1.0.so.0()(64bit)"/>
      <rpm:entry name="libc.so.6(GLIBC_2.16)(64bit)"/>
      <rpm:entry name="libnss3.so()(64bit)"/>
      <rpm:entry name="libsmime3.so()(64bit)"/>
      <rpm:entry name="libcairo.so.2()(64bit)"/>
      <rpm:entry name="libgdk-3.so.0()(64bit)"/>
      <rpm:entry name="libm.so.6(GLIBC_2.2.5)(64bit)"/>
      <rpm:entry name="libpangocairo-1.0.so.0()(64bit)"/>
      <rpm:entry name="wget"/>
      <rpm:entry name="libXi.so.6()(64bit)"/>
      <rpm:entry name="libXdamage.so.1()(64bit)"/>
      <rpm:entry name="libasound.so.2()(64bit)"/>
      <rpm:entry name="libatspi.so.0()(64bit)"/>
      <rpm:entry name="ld-linux-x86-64.so.2()(64bit)"/>
      <rpm:entry name="libappindicator3.so.1()(64bit)"/>
      <rpm:entry name="librt.so.1(GLIBC_2.2.5)(64bit)"/>
      <rpm:entry name="libgio-2.0.so.0()(64bit)"/>
      <rpm:entry name="libglib-2.0.so.0()(64bit)"/>
      <rpm:entry name="libatk-1.0.so.0()(64bit)"/>
      <rpm:entry name="libX11-xcb.so.1()(64bit)"/>
      <rpm:entry name="libX11.so.6()(64bit)"/>
      <rpm:entry name="libpthread.so.0(GLIBC_2.12)(64bit)"/>
      <rpm:entry name="ca-certificates"/>
      <rpm:entry name="libpthread.so.0()(64bit)"/>
      <rpm:entry name="librt.so.1()(64bit)"/>
      <rpm:entry name="/usr/sbin/update-alternatives" pre="1"/>
      <rpm:entry name="ld-linux-x86-64.so.2(GLIBC_2.3)(64bit)"/>
      <rpm:entry name="libgcc_s.so.1(GCC_3.0)(64bit)"/>
      <rpm:entry name="/usr/sbin/update-alternatives"/>
      <rpm:entry name="libXcomposite.so.1()(64bit)"/>
      <rpm:entry name="libnss3.so(NSS_3.22)(64bit)"/>
      <rpm:entry name="libgdk_pixbuf-2.0.so.0()(64bit)"/>
      <rpm:entry name="/bin/sh"/>
      <rpm:entry name="libXfixes.so.3()(64bit)"/>
      <rpm:entry name="/usr/bin/lsb_release"/>
      <rpm:entry name="libpthread.so.0(GLIBC_2.3.2)(64bit)"/>
      <rpm:entry name="libpthread.so.0(GLIBC_2.3.3)(64bit)"/>
      <rpm:entry name="libXtst.so.6()(64bit)"/>
      <rpm:entry name="/bin/sh" pre="1"/>
      <rpm:entry name="libdl.so.2(GLIBC_2.2.5)(64bit)"/>
      <rpm:entry name="libgcc_s.so.1()(64bit)"/>
      <rpm:entry name="libgtk-3.so.0()(64bit)"/>
    </rpm:requires>
    <file>/etc/cron.daily/google-chrome-beta</file>
    <file>/usr/bin/google-chrome-beta</file>
    <file type="ghost">/usr/bin/google-chrome</file>
  </format>
</package>
<package type="rpm">
  <name>google-chrome-stable</name>
  <arch>x86_64</arch>
  <version epoch="0" ver="71.0.3578.98" rel="1"/>
  <checksum type="sha256" pkgid="YES">80bab3186d537b0c1125daa1d4b56db1ae718b6e27229e406d456603b9522798</checksum>
  <summary>Google Chrome</summary>
  <description>The web browser from Google

Google Chrome is a browser that combines a minimal design with sophisticated technology to make the web faster, safer, and easier.</description>
  <packager>Chrome Linux Team &lt;chromium-dev@chromium.org&gt;</packager>
  <url>https://chrome.google.com/</url>
  <time file="1545245515" build="1544588432"/>
  <size package="56784614" installed="202243200" archive="202258296"/>
<location href="google-chrome-stable-71.0.3578.98-1.x86_64.rpm"/>
  <format>
    <rpm:license>Multiple, see https://chrome.google.com/</rpm:license>
    <rpm:vendor>Google Inc.</rpm:vendor>
    <rpm:group>Applications/Internet</rpm:group>
    <rpm:buildhost>lin64-4-m0.official.chromium.org</rpm:buildhost>
    <rpm:sourcerpm>google-chrome-stable-71.0.3578.98-1.src.rpm</rpm:sourcerpm>
    <rpm:header-range start="456" end="55018"/>
    <rpm:provides>
      <rpm:entry name="google-chrome" flags="EQ" epoch="0" ver="71.0.3578.98"/>
      <rpm:entry name="google-chrome-stable" flags="EQ" epoch="0" ver="71.0.3578.98" rel="1"/>
      <rpm:entry name="google-chrome-stable(x86-64)" flags="EQ" epoch="0" ver="71.0.3578.98" rel="1"/>
    </rpm:provides>
    <rpm:requires>
      <rpm:entry name="libatk-bridge-2.0.so.0()(64bit)"/>
      <rpm:entry name="xdg-utils"/>
      <rpm:entry name="libXrandr.so.2()(64bit)"/>
      <rpm:entry name="libcups.so.2()(64bit)"/>
      <rpm:entry name="libnssutil3.so()(64bit)"/>
      <rpm:entry name="libXrender.so.1()(64bit)"/>
      <rpm:entry name="libXcursor.so.1()(64bit)"/>
      <rpm:entry name="libssl3.so(NSS_3.28)(64bit)"/>
      <rpm:entry name="libnspr4.so()(64bit)"/>
      <rpm:entry name="liberation-fonts"/>
      <rpm:entry name="libgobject-2.0.so.0()(64bit)"/>
      <rpm:entry name="libuuid.so.1()(64bit)"/>
      <rpm:entry name="libexpat.so.1()(64bit)"/>
      <rpm:entry name="libxcb.so.1()(64bit)"/>
      <rpm:entry name="libXext.so.6()(64bit)"/>
      <rpm:entry name="libm.so.6()(64bit)"/>
      <rpm:entry name="libpthread.so.0(GLIBC_2.2.5)(64bit)"/>
      <rpm:entry name="libdl.so.2()(64bit)"/>
      <rpm:entry name="ld-linux-x86-64.so.2(GLIBC_2.2.5)(64bit)"/>
      <rpm:entry name="libXss.so.1()(64bit)"/>
      <rpm:entry name="libdbus-1.so.3()(64bit)"/>
      <rpm:entry name="libpango-1.0.so.0()(64bit)"/>
      <rpm:entry name="libc.so.6(GLIBC_2.16)(64bit)"/>
      <rpm:entry name="libnss3.so()(64bit)"/>
      <rpm:entry name="libsmime3.so()(64bit)"/>
      <rpm:entry name="libcairo.so.2()(64bit)"/>
      <rpm:entry name="libgdk-3.so.0()(64bit)"/>
      <rpm:entry name="libm.so.6(GLIBC_2.2.5)(64bit)"/>
      <rpm:entry name="libpangocairo-1.0.so.0()(64bit)"/>
      <rpm:entry name="wget"/>
      <rpm:entry name="libXi.so.6()(64bit)"/>
      <rpm:entry name="libXdamage.so.1()(64bit)"/>
      <rpm:entry name="libasound.so.2()(64bit)"/>
      <rpm:entry name="libatspi.so.0()(64bit)"/>
      <rpm:entry name="ld-linux-x86-64.so.2()(64bit)"/>
      <rpm:entry name="libappindicator3.so.1()(64bit)"/>
      <rpm:entry name="librt.so.1(GLIBC_2.2.5)(64bit)"/>
      <rpm:entry name="libgio-2.0.so.0()(64bit)"/>
      <rpm:entry name="libglib-2.0.so.0()(64bit)"/>
      <rpm:entry name="libatk-1.0.so.0()(64bit)"/>
      <rpm:entry name="libX11-xcb.so.1()(64bit)"/>
      <rpm:entry name="libX11.so.6()(64bit)"/>
      <rpm:entry name="ca-certificates"/>
      <rpm:entry name="libpthread.so.0()(64bit)"/>
      <rpm:entry name="librt.so.1()(64bit)"/>
      <rpm:entry name="/usr/sbin/update-alternatives" pre="1"/>
      <rpm:entry name="ld-linux-x86-64.so.2(GLIBC_2.3)(64bit)"/>
      <rpm:entry name="libgcc_s.so.1(GCC_3.0)(64bit)"/>
      <rpm:entry name="/usr/sbin/update-alternatives"/>
      <rpm:entry name="libXcomposite.so.1()(64bit)"/>
      <rpm:entry name="libnss3.so(NSS_3.22)(64bit)"/>
      <rpm:entry name="libgdk_pixbuf-2.0.so.0()(64bit)"/>
      <rpm:entry name="/bin/sh"/>
      <rpm:entry name="libXfixes.so.3()(64bit)"/>
      <rpm:entry name="/usr/bin/lsb_release"/>
      <rpm:entry name="libpthread.so.0(GLIBC_2.3.2)(64bit)"/>
      <rpm:entry name="libpthread.so.0(GLIBC_2.3.3)(64bit)"/>
      <rpm:entry name="libXtst.so.6()(64bit)"/>
      <rpm:entry name="/bin/sh" pre="1"/>
      <rpm:entry name="libdl.so.2(GLIBC_2.2.5)(64bit)"/>
      <rpm:entry name="libgcc_s.so.1()(64bit)"/>
      <rpm:entry name="libgtk-3.so.0()(64bit)"/>
    </rpm:requires>
    <file>/etc/cron.daily/google-chrome</file>
    <file>/usr/bin/google-chrome-stable</file>
    <file type="ghost">/usr/bin/google-chrome</file>
  </format>
</package>
<package type="rpm">
  <name>google-chrome-unstable</name>
  <arch>x86_64</arch>
  <version epoch="0" ver="73.0.3642.0" rel="1"/>
  <checksum type="sha256" pkgid="YES">5c4407dbb8bca438684041497a50e60672f67bde983344f0145b99276b0658cb</checksum>
  <summary>Google Chrome (unstable)</summary>
  <description>The web browser from Google

Google Chrome is a browser that combines a minimal design with sophisticated technology to make the web faster, safer, and easier.</description>
  <packager>Chrome Linux Team &lt;chromium-dev@chromium.org&gt;</packager>
  <url>https://chrome.google.com/</url>
  <time file="1545245515" build="1544946065"/>
  <size package="60639431" installed="215201024" archive="215217352"/>
<location href="google-chrome-unstable-73.0.3642.0-1.x86_64.rpm"/>
  <format>
    <rpm:license>Multiple, see https://chrome.google.com/</rpm:license>
    <rpm:vendor>Google Inc.</rpm:vendor>
    <rpm:group>Applications/Internet</rpm:group>
    <rpm:buildhost>lin64-2-m0.official.chromium.org</rpm:buildhost>
    <rpm:sourcerpm>google-chrome-unstable-73.0.3642.0-1.src.rpm</rpm:sourcerpm>
    <rpm:header-range start="456" end="55999"/>
    <rpm:provides>
      <rpm:entry name="google-chrome" flags="EQ" epoch="0" ver="73.0.3642.0"/>
      <rpm:entry name="google-chrome-unstable" flags="EQ" epoch="0" ver="73.0.3642.0" rel="1"/>
      <rpm:entry name="google-chrome-unstable(x86-64)" flags="EQ" epoch="0" ver="73.0.3642.0" rel="1"/>
    </rpm:provides>
    <rpm:requires>
      <rpm:entry name="libatk-bridge-2.0.so.0()(64bit)"/>
      <rpm:entry name="xdg-utils"/>
      <rpm:entry name="libXrandr.so.2()(64bit)"/>
      <rpm:entry name="libcups.so.2()(64bit)"/>
      <rpm:entry name="libnssutil3.so()(64bit)"/>
      <rpm:entry name="libXrender.so.1()(64bit)"/>
      <rpm:entry name="libXcursor.so.1()(64bit)"/>
      <rpm:entry name="libssl3.so(NSS_3.28)(64bit)"/>
      <rpm:entry name="libnspr4.so()(64bit)"/>
      <rpm:entry name="liberation-fonts"/>
      <rpm:entry name="libgobject-2.0.so.0()(64bit)"/>
      <rpm:entry name="libuuid.so.1()(64bit)"/>
      <rpm:entry name="libexpat.so.1()(64bit)"/>
      <rpm:entry name="libxcb.so.1()(64bit)"/>
      <rpm:entry name="libXext.so.6()(64bit)"/>
      <rpm:entry name="libm.so.6()(64bit)"/>
      <rpm:entry name="libpthread.so.0(GLIBC_2.2.5)(64bit)"/>
      <rpm:entry name="libdl.so.2()(64bit)"/>
      <rpm:entry name="ld-linux-x86-64.so.2(GLIBC_2.2.5)(64bit)"/>
      <rpm:entry name="libXss.so.1()(64bit)"/>
      <rpm:entry name="libdbus-1.so.3()(64bit)"/>
      <rpm:entry name="libpango-1.0.so.0()(64bit)"/>
      <rpm:entry name="libc.so.6(GLIBC_2.16)(64bit)"/>
      <rpm:entry name="libnss3.so()(64bit)"/>
      <rpm:entry name="libsmime3.so()(64bit)"/>
      <rpm:entry name="libcairo.so.2()(64bit)"/>
      <rpm:entry name="libgdk-3.so.0()(64bit)"/>
      <rpm:entry name="libm.so.6(GLIBC_2.2.5)(64bit)"/>
      <rpm:entry name="libpangocairo-1.0.so.0()(64bit)"/>
      <rpm:entry name="wget"/>
      <rpm:entry name="libXi.so.6()(64bit)"/>
      <rpm:entry name="libXdamage.so.1()(64bit)"/>
      <rpm:entry name="libasound.so.2()(64bit)"/>
      <rpm:entry name="libatspi.so.0()(64bit)"/>
      <rpm:entry name="ld-linux-x86-64.so.2()(64bit)"/>
      <rpm:entry name="libappindicator3.so.1()(64bit)"/>
      <rpm:entry name="librt.so.1(GLIBC_2.2.5)(64bit)"/>
      <rpm:entry name="libgio-2.0.so.0()(64bit)"/>
      <rpm:entry name="libglib-2.0.so.0()(64bit)"/>
      <rpm:entry name="libatk-1.0.so.0()(64bit)"/>
      <rpm:entry name="libX11-xcb.so.1()(64bit)"/>
      <rpm:entry name="libX11.so.6()(64bit)"/>
      <rpm:entry name="libpthread.so.0(GLIBC_2.12)(64bit)"/>
      <rpm:entry name="ca-certificates"/>
      <rpm:entry name="libpthread.so.0()(64bit)"/>
      <rpm:entry name="librt.so.1()(64bit)"/>
      <rpm:entry name="/usr/sbin/update-alternatives" pre="1"/>
      <rpm:entry name="ld-linux-x86-64.so.2(GLIBC_2.3)(64bit)"/>
      <rpm:entry name="libgcc_s.so.1(GCC_3.0)(64bit)"/>
      <rpm:entry name="/usr/sbin/update-alternatives"/>
      <rpm:entry name="libXcomposite.so.1()(64bit)"/>
      <rpm:entry name="libnss3.so(NSS_3.22)(64bit)"/>
      <rpm:entry name="libgdk_pixbuf-2.0.so.0()(64bit)"/>
      <rpm:entry name="/bin/sh"/>
      <rpm:entry name="libXfixes.so.3()(64bit)"/>
      <rpm:entry name="/usr/bin/lsb_release"/>
      <rpm:entry name="libpthread.so.0(GLIBC_2.3.2)(64bit)"/>
      <rpm:entry name="libpthread.so.0(GLIBC_2.3.3)(64bit)"/>
      <rpm:entry name="libXtst.so.6()(64bit)"/>
      <rpm:entry name="/bin/sh" pre="1"/>
      <rpm:entry name="libdl.so.2(GLIBC_2.2.5)(64bit)"/>
      <rpm:entry name="libgcc_s.so.1()(64bit)"/>
      <rpm:entry name="libgtk-3.so.0()(64bit)"/>
    </rpm:requires>
    <file>/etc/cron.daily/google-chrome-unstable</file>
    <file>/usr/bin/google-chrome-unstable</file>
    <file type="ghost">/usr/bin/google-chrome</file>
  </format>
</package>
</metadata>