<?xml version="1.0" encoding="UTF-8"?>
<repomd xmlns="http://linux.duke.edu/metadata/repo" xmlns:rpm="http://linux.duke.edu/metadata/rpm">
 <revision>1545245517</revision>
<data type="filelists">
  <checksum type="sha256">4e4f0d8308877a79297a8c8db03f5525ca30dedcf405a4502b025d2133edd30f</checksum>
  <open-checksum type="sha256">52959e785c82690e505c587e70e7dc02e375c36bcb18ab8be61f948927ea79fd</open-checksum>
  <location href="repodata/filelists.xml.gz"/>
  <timestamp>1545245518</timestamp>
  <size>1735</size>
  <open-size>18478</open-size>
</data>
<data type="other">
  <checksum type="sha256">ae62700651c05649d717110cb1fffa6bb3009550e295da5b42b800905bd5c152</checksum>
  <open-checksum type="sha256">f8491d1146d6467070243cae3f9651824544a24b0b88d7157043410209a7ec82</open-checksum>
  <location href="repodata/other.xml.gz"/>
  <timestamp>1545245518</timestamp>
  <size>369</size>
  <open-size>690</open-size>
</data>
<data type="primary">
  <checksum type="sha256">fd23cb19d0723e0c985c041780730280d7a4ada908c860f0f0bc964d87f1fc94</checksum>
  <open-checksum type="sha256">a6f07dcede8995c819b85f1b31323e89e877ffaaec99fd554f88da7dbc32e708</open-checksum>
  <location href="repodata/primary.xml.gz"/>
  <timestamp>1545245518</timestamp>
  <size>1727</size>
  <open-size>14778</open-size>
</data>
</repomd>
