<?xml version="1.0" encoding="UTF-8"?>
<repomd xmlns="http://linux.duke.edu/metadata/repo" xmlns:rpm="http://linux.duke.edu/metadata/rpm">
 <revision>1545413965</revision>
<data type="filelists">
  <checksum type="sha256">c01a6ad2c4a5f198b978f0e62b550cd349759c658c6b31b1dacbdc00e23058e8</checksum>
  <open-checksum type="sha256">b1e0a93d55be0ba0dba0fd3a297275772160d4cb2e762ffd9bce95d57bd9e5d8</open-checksum>
  <location href="repodata/c01a6ad2c4a5f198b978f0e62b550cd349759c658c6b31b1dacbdc00e23058e8-filelists.xml.gz"/>
  <timestamp>1545413993</timestamp>
  <size>1615913</size>
  <open-size>32179471</open-size>
</data>
<data type="prestodelta">
  <checksum type="sha256">a50169befc41a72a7cf4aa24b83e58302259e9b85965866317f7afa94b9d7543</checksum>
  <open-checksum type="sha256">345a563790a5ca6fee3aa7f03a2eac1f776324526859aacf676791bfa247e791</open-checksum>
  <location href="repodata/a50169befc41a72a7cf4aa24b83e58302259e9b85965866317f7afa94b9d7543-prestodelta.xml.gz"/>
  <timestamp>1545414148</timestamp>
  <size>186838</size>
  <open-size>1042987</open-size>
</data>
<data type="primary">
  <checksum type="sha256">ee699154acaa33fdb72355d41824de3e24205db450cab54db2008fdb1177bbcd</checksum>
  <open-checksum type="sha256">bd6060fd715775476b80321efab55f08aa0c10860ac56d8a8317696d19a07ec3</open-checksum>
  <location href="repodata/ee699154acaa33fdb72355d41824de3e24205db450cab54db2008fdb1177bbcd-primary.xml.gz"/>
  <timestamp>1545413993</timestamp>
  <size>636933</size>
  <open-size>5531347</open-size>
</data>
<data type="primary_db">
  <checksum type="sha256">df229794df6a47361ad720d2f2cfb70da0007eb048f34e18bcc72c7617c6d2ae</checksum>
  <open-checksum type="sha256">ad24dddc7f5bca72dfca75fb47aca737df6ba5498a1a472ba63d90d61a991548</open-checksum>
  <location href="repodata/df229794df6a47361ad720d2f2cfb70da0007eb048f34e18bcc72c7617c6d2ae-primary.sqlite.bz2"/>
  <timestamp>1545414152</timestamp>
  <database_version>10</database_version>
  <size>1393568</size>
  <open-size>6938624</open-size>
</data>
<data type="other_db">
  <checksum type="sha256">1a5e4f4417c29b865e353fdbb884994fe2c3ddfd4361e5699c261d0859483905</checksum>
  <open-checksum type="sha256">cf9259c66bdf262925c6989bce61fca74ddbebdf53e35634859c8a58e5825af9</open-checksum>
  <location href="repodata/1a5e4f4417c29b865e353fdbb884994fe2c3ddfd4361e5699c261d0859483905-other.sqlite.bz2"/>
  <timestamp>1545414149</timestamp>
  <database_version>10</database_version>
  <size>195196</size>
  <open-size>2378752</open-size>
</data>
<data type="other">
  <checksum type="sha256">76539a19df7f8ac76575cf69cf22c108993c3bb18c9c7f26c0ddc29cbe753563</checksum>
  <open-checksum type="sha256">5e4cb274bc94797c94955916011c7216c3ab7c2ec69a52c9606d6f91dee29097</open-checksum>
  <location href="repodata/76539a19df7f8ac76575cf69cf22c108993c3bb18c9c7f26c0ddc29cbe753563-other.xml.gz"/>
  <timestamp>1545413993</timestamp>
  <size>113720</size>
  <open-size>2281467</open-size>
</data>
<data type="filelists_db">
  <checksum type="sha256">e0acacf37866e001f3d3057593189babdaf01255778596b7bb4ec90130b20549</checksum>
  <open-checksum type="sha256">8296294b0d3f3237714b6b8becf4bedcb68499f6221d5a501d766e144a356007</open-checksum>
  <location href="repodata/e0acacf37866e001f3d3057593189babdaf01255778596b7bb4ec90130b20549-filelists.sqlite.bz2"/>
  <timestamp>1545414151</timestamp>
  <database_version>10</database_version>
  <size>1444061</size>
  <open-size>12343296</open-size>
</data>
</repomd>
